Macro F1,recall,precision
0.676754386,0.647975078,0.771773681
