Macro F1,recall,precision
0.815258984,0.778563412,0.876821862
