Macro F1,recall,precision
0.472727273,0.5,0.448275862
