Macro F1,recall,precision
0.683153477,0.63512949,0.87183908
