Macro F1,recall,precision
0.647674777,0.60989011,0.825
